dots,data
1,0.0
2,0.5625
3,1.06640625
5,1.3166015625
8,1.0102615356445312
13,0.5574142015897311
21,0.9744337626865932
34,0.8668403485242058
55,1.0616652320054445
89,0.9442258002131843
144,1.0453778904629871
233,0.9931383760188943
377,1.0147418868002702
610,0.9822582264686971
987,1.01069751712452
1597,1.0016311135006588
2584,0.9969307096530119
4181,0.9993678214965308
6765,1.0003967394157485
10946,0.9999874781701947
17711,0.9997307639569722
